ID,Name,Lat,Lon,Type
1,"0, Beverly Park Rd, Chandan Shanti, Mira Road East",19.2880879,72.86738304,
2,"0, Central Park Rd, Sector 20, Kharghar",19.05418721,73.07799423,
3,VP Road,19.09202929,72.83554035,
4,"Shop No.3/4, Kanjur Marg Village, Damle Colony, Kanjurmarg East, Bhandup East",19.13098535,72.93583294,
5,NH48,19.29449978,72.90783791,
6,Babasaheb Road,19.18054417,73.00618626,
7,"0, Relief Rd, Jankalyan CHS, Bangur Nagar, Goregaon West",19.16473731,72.8306846,
8,"0, Ghodbunder Rd, Hawaiian Village, Thane West",19.26965913,72.95024447,
9,"0/1, MGM School Marg, Sector 8, Nerul West",19.04219528,73.01638482,
10,"700, Aala Hazrat Rd, Jagruti Nagar, Nehru Nagar, Kurla East",19.0665019,72.88116064,
11,"0, Lal Bahadur Shastri Rd, Nirmal Nagar, Mulund West",19.16691057,72.93923716,
12,Casa Rio Internal Road,19.14458257,73.07236915,
13,Danda Coastal Rd,19.0749135,72.81869702,
14,"0, PL Lokhande Marg, BMC Colony, Chedda Nagar",19.06334577,72.90052688,
15,Rodas Enclave,19.25866711,72.99237314,
16,Kalyan - Shilphata Rd,19.22754222,73.12323066,
17,Mhatardi Gaon Rd,19.19541582,73.05395791,
18,Sky Pillar Apartment,19.19952957,72.97537019,
19,300-D,19.21024781,72.86256077,
20,Koliwada Rd,19.16146075,72.78083316,
21,"0, Vijay Garden Rd, Kavesar, Thane West",19.26380116,72.97599102,
22,Goregaon-Mulund Link Rd,19.15398022,72.95671677,
23,3D-102,19.21823572,72.87017239,
24,Mumbai - Agra National Hwy,19.22515791,73.02377234,
25,Madh - Marve Rd,19.18224383,72.79503825,
26,JANKI HERITAGE,19.29531668,72.84718264,
27,"100-218, RSC Rd Number 37, Gorai 2, Borivali West",19.22675028,72.82017869,
28,Marine Dr,18.92654613,72.81465157,
29,"700, Sector 2",19.09620566,73.02228659,
30,"Wing-A-A, Navghar Rd, Salasar Nagar, Bhayandar East",19.30792246,72.86131297,
31,Cart Path,19.05106092,73.06167634,
32,"F, Panch Ratan Rd, Sunderwadi, Versova, Andheri West",19.13693325,72.81384796,
33,Mumbai - Agra National Hwy,19.10239785,72.92856124,
34,"0, Sewri Ford Rd, MPT, Sewri",18.99910959,72.8622222,
35,"A-28, Gyan Vikas Road, Shree Ganesh Panchami Society, Sector 23, Kopar Khairane",19.09839378,72.99602286,
36,"B/101, Mumbai - Pune Rd, Narayan Patil Wadi, Taha Nagar, Mumbra",19.20182463,73.02266327,
37,Station Rd,18.98854361,73.12135443,
38,Mira Kurti Apt.,19.27765089,72.87001967,
39,500-A,19.06685976,72.83453429,
40,Shahid Bhagat Singh Rd,19.21665667,73.08961822,
41,Virani Towers,19.25298947,72.8628708,
42,"Plot No.96, Swami Nityanand Rd, HOC Colony, Panvel",18.99588197,73.10781911,
43,"D-222/227, Thane - Belapur Rd, MIDC Industrial Area, Shiravane, Nerul",19.04909375,73.02371115,
44,Dhobighat Rd,19.23949778,73.17033972,
45,Elita,19.1231851,72.82753431,
46,Varsha,18.95509942,72.79962993,
47,Cheradevi Kaloni Gali,19.19730783,73.08683829,
48,"200, Mount Mary",19.05118011,72.82342463,
49,Bama Society,19.18528181,72.99037033,
50,"C-19, Mugalsan Rd, Sector 20C, Sector 20, Airoli",19.16603499,72.98750463,
51,MH SH 76,19.10241939,73.06957521,
52,"D-505, S Central Rd, MIDC Industrial Area, Sanpada",19.055433,73.03330049,
53,"A-1, Royal Palms Rd, Passpoli, Goregaon East",19.14035329,72.89361134,
54,Mumbai - Agra National Hwy,19.13073752,72.94543772,
55,Garden Rose Colony Rd,19.08462285,72.88760699,
56,New Golden Nest Phase 11,19.29839656,72.86343137,
57,"0, Sabarigiri",19.0331854,72.91983132,
58,Bhiwandi - Murbad Rd,19.24603775,73.11217277,
59,WING-B,19.17766318,72.9487335,
60,Baul Pals Chawl,19.13213873,72.87033036,
61,"G-4, Railway Station Rd, Sector 7, Sanpada",19.05969621,73.01300795,
62,Kalyan - Shilphata Rd,19.17611584,73.08647765,
63,C-1,19.08166964,72.90008292,
64,Sassoon Dock Rd,18.90643933,72.82781283,
65,Murum Khan Rd,19.19702506,72.80871582,
66,Ganesh Immersion Rd,19.23139659,73.09412243,
67,Vijay Appartments III,19.25392565,72.97158128,
68,"0/2/3, Reti Bunder Road, Mothagaon, Dombivli West",19.23173192,73.06568857,
69,"0, HP Nagar",19.03206355,72.90605079,
70,Roob Rd,19.02946138,72.94723925,
71,"400, Sonawala Rd, Sonawala Industry Estate, Goregaon East",19.16160951,72.85243173,
72,Trek To Yeoor Waterfall,19.23983023,72.93817279,
73,"0-C, Western Express Hwy, Salsette Parsi Colony, Parsi Colony, Jogeshwari East",19.12817501,72.85552111,
74,Manori - Gorai Rd,19.22208333,72.78332407,
75,Linkway Estate,19.17695976,72.83660169,
76,Station Rd,19.15597856,73.03815635,
77,Diva Manpada Rd,19.18458283,73.07394252,
78,Seawoods Station Rd,19.02178951,73.0150208,
79,"300, Lamington Rd, Grant Road East, Shapur Baug, Girgaon",18.96108798,72.81772628,
80,"200-B, Lal Bahadur Shastri Marg, Sonapur, Bhandup West",19.15932045,72.9369113,
81,Kalyan Railway Officer's Resthouse ORH,19.23544684,73.1315185,
82,Unnamed Road,19.23945462,73.02252231,
83,Walchand Hirachand Marg,18.93134527,72.84628271,
84,"500, JP Road, Sahayog Society, Azad Nagar, Andheri West",19.12586813,72.83662792,
85,"0, 5th Ln, Union Park, Pali Hill",19.06988529,72.82542253,
86,200-A,19.13803638,72.92427723,
87,"C 537, Pawane Village Rd, T.T.C. Industrial Area, MIDC Industrial Area, Pawne",19.08867757,73.03142915,
88,"600, DP Rd, Nahar Amrit Shakti, Chandivali, Powai",19.10353203,72.8988025,
89,"Plot No.456, Takka Rd, Takka Colony, Panvel Old",18.97996481,73.11766629,
90,Manori Masjid Road,19.2034867,72.78467925,
91,B-1107,19.20805126,72.88436083,
92,"B/10, VL Pednekar Marg, Police Colony, Naigaon",19.00761125,72.84418853,
93,Pranjali,19.16839998,72.94753901,
94,Tiwari Chawl,19.21895654,72.83433672,
95,"0, Kolshet Rd, Kolshet Industrial Area, Thane West",19.24035745,72.99268232,
96,Shil Phata - Mahape Rd,19.11267752,73.03207193,
97,"WING-A, Uttan Rd, Chandmal Nagar, Chandulal Park, Bhayandar West",19.30233816,72.84710017,
98,"0, Vichumbe Rd, Triveni Society, Sector 16, New Panvel East, Panvel",18.9826911,73.12881914,
99,Ram Singh Rd,19.20502136,72.87263824,
100,"RL-140, Kalyan Rd, Milap Nagar, Dombivli East",19.21167637,73.11180534,
101,"B-WING 101, Bajiprabhu Deshpande Rd, Shakti Nagar, Dahisar East",19.26168422,72.86232078,
102,Sachdeva Building,19.18632921,72.96474555,
103,"0, Phase ll",19.28525408,72.88374427,
104,"A-1, Link Rd, Yogi Nagar, Borivali West",19.23748431,72.83862454,
105,Mumbai - Agra National Hwy,19.2250605,73.01087227,
106,Kopra Rd,19.03152061,73.0766339,
107,"0, Triveni Society",18.9909288,73.12663041,
108,R.B.I Branch,18.97018103,72.82224603,
109,"0, Versova Beach Road, Aram Nagar, Versova, Andheri West",19.12599171,72.8117872,
110,Estrella,19.05831288,72.83391562,
111,"0, Aarey Colony",19.156757,72.87163716,
112,NP-11,19.08514318,72.86127699,
113,Bholenath Nagar St,19.15167795,73.02723477,
114,"200, Rd Number 31, Namdev Koli Marg, Sion",19.03404769,72.86066615,
115,Eco Vista,19.14373927,73.04413223,
116,Gagangiri Maharaj Marg,19.12265509,72.98601321,
117,"100-a, A Gandhi Marg, Vadgadi, Masjid Bandar West, Masjid Bandar",18.95142751,72.83850147,
118,"B-101, Lokhandwala Rd, Lokhandwala Twp, Kandivali East",19.19683087,72.87285667,
119,"0, Palm Beach Rd, Sector 19C, Sector 15, Vashi",19.08072416,73.00309584,
120,"0, Nanabhai Moos Marg, Navy Nagar, Colaba",18.89472277,72.8097991,
121,"1200-0002, Sri Gajnan Maharaj Marg, Ekta Chawl, Samta nagar, Sector 1A, Airoli",19.16930229,72.99629733,
122,Plot 9,18.99760822,73.11972478,
123,"0, 1st Ln, MSEB Colony, Santacruz West",19.08790993,72.84130255,
124,"0, Tokershi Jivraj Rd, Shivaji Nagar, Parel",19.00253385,72.85034849,
125,"A157-B, Chandivali Rd, Muranjan Wadi, Chandivali, Powai",19.1128898,72.88939835,
126,"0, Raheja Exotica",19.14870442,72.79885184,
127,Pilot Bandar Rd,18.90536935,72.81694331,
128,"0-27, Bimbisar Nagar Rd, Bimbisar Nagar, Goregaon East",19.14679313,72.85584246,
129,0-2,19.02908366,73.03085025,
130,Shri Pundalik Mahadu Patil Marg,19.05384494,73.01673742,
131,Thomas Wadi,19.24216181,72.7777698,
132,Pushpak Apartments,18.96526481,72.81020794,
133,"148B, Juhu Tara Rd, Airport Area, Juhu",19.10133892,72.82426402,
134,Sai Baba Nagar Ln,19.21535691,72.8492207,
135,"M/5, Best Colony Rd, Anand Nagar, Andheri West",19.15045275,72.83218348,
136,Vit Bhatti Ram Yadav Chawl,19.17341228,72.85911117,
137,SV Rd,19.22829406,72.85676308,
138,Building 21,19.03866428,72.89779912,
139,"300, Swatantrya Veer Sawarkar Marg, Chandrakant Dhuru Wadi, Dadar",19.02720244,72.8351645,
140,Avirahi Heights,19.2015238,72.81623427,
141,"C-104, MH SH 35, Bangar Nagar, Rajlaxmi Complex, Kalher",19.24848729,73.01490005,
142,"Rd Number 1, Pandurang Wadi, Goregaon West",19.16906125,72.84865365,
143,"A-11, Sarojini Naidu Rd, Tambe Nagar, Ashok Nagar, Mulund West",19.18097907,72.95651322,
144,"0, Ghodbunder Rd, Ghodbander Village, Ghodbunder",19.29377096,72.89080418,
145,Kanakia Rd,19.30640797,72.8776648,
146,"WING A, Mohan Gokhale Rd, Yashodham, Goregaon East",19.17006696,72.86697167,
147,"A-35, Rd Number 16, Tilak Nagar, Goregaon West",19.16065962,72.83997581,
148,"67100, Chahu Bhiva Marg, Kharegaon, Kalwa",19.20552537,72.99825106,
149,I -2,19.08327406,72.91867025,
150,Unnamed Road,19.24065042,73.10194671,
151,Seawoods Estates Road,19.00127912,73.01572563,
152,Vaibhav CHS,19.08698335,73.01326748,
153,"0, Manori - Gorai Rd, Culvem Village, Gorai",19.23247482,72.78222605,
154,"0, Airoli Knowledge Park Road, MSEB Staff Colony, TTC Industrial Area, Airoli",19.17671928,72.99254169,
155,Gopal Apartment B-Wing,19.18379958,73.02535935,
156,Sindhu Co Op Housing Society,19.07248045,72.84039678,
157,"0, Shankheshwar Rd, Kanchangoan, Dombivli East",19.22593503,73.11442922,
158,Maratha Samaj,19.00059789,72.83886529,
159,"0, Sahar Rd, Andheri East",19.12018006,72.84865869,
160,Aarey Rd,19.14846557,72.88127426,
161,Anthony Church Rd,19.15584779,72.92635019,
162,X-3,18.90826096,72.80415459,
163,0-A,19.02722054,72.86723347,
164,yog sankul Maharashtra nagar near 2,19.21806256,73.06988103,
165,Jalaram Jyot CHS,19.00428434,73.12300083,
166,Akashdeep Service Rd,19.02621768,72.92958548,
167,0/1,19.10443402,72.86985161,
168,"0, Sector 8A",19.03558158,73.04285776,
169,Dapoli Targarh Road,19.00600141,73.04253868,
170,"0/B, Juhu Tara Rd, Chandrabai Nagar, Juhu",19.08986437,72.82432575,
171,Jogeshwari - Vikhroli Link Rd,19.12412829,72.93637021,
172,Digha MIDC Road,19.17579235,73.00087099,
173,Mumbai - Agra National Hwy,19.21791715,73.01779161,
174,"0, Walkeshwar Rd, Raj Bhavan, Malabar Hill",18.93826603,72.79610558,
175,"0, Chikku Wadi Rd, Sai Krupa Nagar, Chikuwadi, Malad West",19.18817971,72.80215803,
176,Pawane MIDC Rd Number 7,19.09695103,73.03495882,
177,Datiwali Station Rd,19.18854011,73.06182101,
178,"0-A, Rd Number 3, Govandi West, Phase 1, Shivaji Nagar",19.06687769,72.92105157,
179,Mumbai - Pune Expy,18.99254655,73.13975688,
180,Bhikanji Damaji Patil Marg,19.02251839,72.89628288,
181,"A-8, Shanti Gardens Rd, New Shree Krishna Garden, Sector 2, Srishti Complex, Mira Road East",19.27008011,72.8714393,
182,12KBC,19.06057506,72.86268374,
183,"Ma-Krupa Apartment, Shimpoli Road, Gautam Nagar, Borivali West",19.2229668,72.85127069,
184,P-17,19.04293308,73.03308213,
185,"100, Sona Enterprises Colony",19.11554974,72.93428265,
186,"0, Saki Vihar Rd, Raje Sambhaji Nagar, Marol, Andheri East",19.12885776,72.89481641,
187,"0, Colaba Causeway, Cuffe Parade",18.91543935,72.82417119,
188,Casa Bella Road,19.1689421,73.07312123,
189,"300, Lady Jamshedji Rd, Opp.Victoria School, New Dinkar Co Operative Housing Society, Mahim",19.03389225,72.84132412,
190,"0, Lal Bahadur Shastri Marg, HMPL Surya Nagar, Vikhroli West",19.111875,72.92527383,
191,"0-713, Bandra - Worli Sea Link, Worli Sea Face, Worli",19.01818463,72.81320471,
192,"0, Sai Baba Mandir Marg, Anand Vihar Complex, Mafatlal Colony, Kalwa",19.20436677,73.00599584,
193,0-1A,19.17288316,72.93527436,
194,Road Number 15,19.06636339,72.93148751,
195,"500, Lakshmi Darshan",19.19390597,73.02492194,
196,"0, Mindspace",19.18748209,72.83404808,
197,"C-104, Pune Link Rd, Tisgao Naka, Santosh Nagar",19.22542366,73.13100265,
198,"A-6, Mulund Goregaon Link Rd, Sanjay Gandhi National Park, Borivali East",19.17002895,72.92464168,
199,"0, Bhandup Village Rd, Nahur, Industrial Area, Bhandup West",19.16025549,72.9454051,
200,Unnamed Road,18.97819531,73.13865265,
201,Bunder Aali Rd,19.19158426,73.0370155,
202,Unnamed Road,19.24461588,72.94623533,
203,"0, Khairne Gaonthan Rd, Bonkode, Sector 12D, Sector 12, Kopar Khairane",19.09672603,73.01154402,
204,Maharashtra District Road 6,19.01482633,73.11779966,
205,"0/4, Reti Bander Cross Rd, Reti Bunder, Mothagaon, Dombivli West",19.23141713,73.08001123,
206,Unnamed Road,19.2451985,73.02758639,
207,Ram Nivas,19.00956453,72.81876594,
208,"200, Friends Colony",19.07669544,72.88092054,
209,"WING D, Palm Beach Rd, Sector 4, Sarsole",19.04489553,73.00292531,
210,"0, C Buddha Vihar Marg, Dalal Estate, Kamathipura",18.96525544,72.82901036,
211,"0-192, Panjrapol Rte, Marine Lines East, Gulal Wadi, Bhuleshwar",18.95488366,72.82769452,
212,Tarodi Rd,19.30708011,72.79121414,
213,Kalyan - Shilphata Rd,19.17205067,73.08115191,
214,Sai Saburi Co Operative Housing Society,19.14357854,72.99343451,
215,"0, Veena Sitar",19.20854092,72.83801905,
216,Gorai - Borivali Rd,19.24289213,72.79524108,
217,Dropadi Amrut,19.1853617,72.97583405,
218,Gorai - Borivali Rd,19.23896181,72.80737708,
219,"D-8/304, Ramdev Park Rd, Vagad Nagar, Ranuja Ramdev Park, Mira Road East",19.29884207,72.87108351,
220,Utsav Chowk - CISF Rd,19.06820089,73.07978159,
221,Kalyan - Badlapur Rd,19.23098912,73.15230842,
222,Ali Talao Rd,19.18857658,72.81860569,
223,Shiv Sena Gali,19.29744633,72.87983588,
224,"0, Sai Nagar",19.13739544,72.93811393,
225,"100, Senapati Bapat Marg, Mahalaxmi Sindhi Colony, Matunga West",19.02421949,72.84651624,
226,"0, Ganesh Nagar",19.1320332,72.88035649,
227,Uttan Rd,19.24625345,72.78242025,
228,A-101,19.14266471,72.80792442,
229,Alibaug Rd,19.27808655,72.78146266,
230,Shatrunjay Darshan,18.97323755,72.83438107,
231,Corridor Rd,19.00995179,72.89959231,
232,Andheri - Ghatkopar Rd,19.10287738,72.88857737,
233,Mumbai - Pune Expy,18.99438283,73.13139486,
234,"AL-5/32, Mugalsan Rd, Sector 17, Airoli",19.15440176,72.99366788,
235,Golibar Rd,19.28759501,72.94880642,
236,SG Barve Rd,19.18950874,72.95509605,
237,D-21A,19.07085567,73.03313942,
238,"B-16, MH SH 35, Saikrupa, Purna",19.2631274,73.02861701,
239,Tower B,18.99918013,72.8289638,
240,Qadri Road,19.06827448,72.87101979,
241,Bandar Rd,18.99217465,73.09728537,
242,"0, Jasmine Mill Rd, kamla Nagar, Shammi Nagar, Mahim",19.04139547,72.84930729,
243,Unnamed Road,19.22921278,72.93965528,
244,Manpada Rd,19.19124581,73.092163,
245,"600, Dhobhi Ghat, Anand Nagar, Vakola, Santacruz East",19.08192852,72.84959087,
246,"K-157, Devidas Rd, Borivali West",19.23840005,72.8565563,
247,"B-1, Eastern Express Hwy, Navghar, Mulund East",19.16544595,72.96334769,
248,Sagar Vihar Marg,19.07295871,72.98537155,
249,"0, Ashok Samrat Rd, ATI Staff CHS, Chunabhatti, Sion",19.05750902,72.88123987,
250,Sandesh Building,18.96576045,72.8467907,
251,JNPT Rd,18.96846794,73.11877504,
252,Global Pagoda Road,19.22847345,72.80384251,
253,Indira Apartments,19.05015896,72.91473388,
254,Metallurgical Engineering and Material Science Depatment,19.131233,72.91690521,
255,"0-11, Military Rd, Sankasth Pada Welfare Society, Raje Shivaji Nagar, Marol, Andheri East",19.11708692,72.88050892,
256,Puranik Rumah Bali Internal Road,19.28148355,72.9534816,
257,Nilaje Station Road,19.1542173,73.08282847,
258,Haji Bunder Rd,18.98002232,72.85741296,
259,Hermitage Housing Society Rd,19.2656495,72.88030792,
260,Mulund - Airoli Rd,19.15363633,72.97797739,
261,"0, Shanti Road, Juhu Tara, Juhu",19.11244801,72.82292272,
262,"100, Belapur Rd, Sector 11, CBD Belapur",19.01411026,73.04726014,
263,Litoliar Chamber,19.10770523,72.88018552,
264,H R Mahajani Marg,19.02182623,72.85576221,
265,"500, Food Corporation of India Warehouse",19.22057712,72.86236799,
266,Unnamed Road,19.10290271,73.05705756,
267,Bldg#22 Riverwood Park,19.15767585,73.0744065,
268,NH48,19.30088339,72.90427484,
269,"0, Lokmanya Tilak Marg, Lohar Chawl, Kalbadevi",18.94583283,72.83322441,
270,Shil Phata - Mahape Rd,19.13885446,73.03098257,
271,Nehal plot 22 sector 8,19.17315395,72.81611404,
272,Chembur Castle,19.0538243,72.90605549,
273,"0, Thane - Belapur Rd, MIDC INDL Area, Airoli",19.14673985,73.00032023,
274,Uttan Rd,19.26100157,72.79253459,
275,Unnamed Road,19.22938488,73.04322244,
276,"0, Royal Palms",19.15595663,72.88684255,
277,"0, Santoshi Mata Mandir Marg, Sector 3, Ghansoli",19.11507256,73.0048821,
278,"Plot No -57, Main Rd, Sector 6A, Kamothe, Panvel",19.02627374,73.09416956,
279,Wadeghar Main Road,19.24964281,73.12205684,
280,"500, Swatantrya Veer Sawarkar Marg, Prabhadevi",19.01512959,72.82425926,
281,Gaimukh Mandir,19.28300702,72.9381213,
282,Unnamed Road,19.14182585,72.9646848,
283,"0, Khan Abdul Gaffar Khan Road, Dairy Colony, Worli",18.99624703,72.80985882,
284,"0, Gaikwad Nagar",19.18248306,72.81156632,
285,"Plot No.24, RSC Rd Number 22, Sector 5, Sector 8, Charkop Gaon, Kandiwali West",19.21632532,72.82080332,
286,Unnamed Road,19.14769905,73.08505551,
287,Uttan Rd,19.25273384,72.7872502,
288,Unnamed Road,19.17706774,73.09698909,
289,SP Road,19.24948924,72.87540972,
290,"0, Atmaram Sawant Rd, Ashok Nagar, Kandivali East",19.19951395,72.85767437,
291,"0, Panvel Matheran Rd, Mangaldeep Society, Sukapur, New Panvel East, Panvel",19.00222893,73.1319905,
292,omkar krishna park plot no 106,18.98636054,73.13768956,
293,Port Trust Rd,19.00435263,72.88400965,
294,"WING-B, RNP Park Rd, RNP Park, Neeraj Park, Bhayandar East",19.31921512,72.86077471,
295,"0, Navpada",19.10523796,72.83838523,
296,Port Trust Rd,19.0105875,72.89101968,
297,Unnamed Road,19.18195037,72.88671585,
298,Siddique Complex Road,19.1589822,73.02588331,
299,"0, Uttan Rd, Aagri, vaijnath talao, Uttan",19.28763639,72.80914932,
300,"100, Barrister Nath Pai Marg, Sewari East, Naralwadi, Sewri",18.97368531,72.8442801,
301,"0, Mankhurd West",19.05331362,72.93312534,
302,Ganesh Darshan Co Operative Housing Society,18.96084247,72.83656834,
303,Marine Dr,18.94993214,72.81519131,
304,Vikas Building,18.93072654,72.83371616,
305,Eid Gah Rd,19.23816199,73.1213307,
306,Unnamed Road,19.26381244,72.80000891,
307,"0, Uttan Pali Rd, Dongri, Uttan",19.29565097,72.78345734,
308,Sandeep Bhoir Road,19.16008371,73.06340575,
309,"1st Pasta Ln, Cusrow Baug Colony, Apollo Bandar, Colaba",18.91803978,72.82821677,
310,R-851,19.14637429,73.01617738,
311,"0/19, AK Nayak Marg, Azad Maidan, Fort",18.93838196,72.83415633,
312,CMS Info Systems,19.11386202,73.01462618,
313,"0, Balasaheb Sawant Rd, Gharkul Society, Ratan Nagar, Four Bungalows, Andheri West",19.12742375,72.82050553,
314,"A-1, Gokul Towers Rd, Dattani Park, Thakur Village, Kandivali East",19.21045677,72.87122232,
315,"0 & 3B, Pipe Line Rd, Kailash Nagar, Morarji Nagar, Powai",19.13517173,72.90314456,
316,Dadwala Cooperative Society,19.02895045,72.85384247,
317,DAKC Rd,19.10573668,73.01751865,
318,Diva Shil Rd,19.15179046,73.05011446,
319,Gagangiri Maharaj Marg,19.13962642,72.98426034,
320,"0, Ghodbunder Rd, Dongripada, Thane West",19.25786858,72.96571318,
321,"0, Swami Vivekanand Marg, Jethava Nagar, Kandivali West",19.20657952,72.85007324,
322,"700, Sector 3 and 4 Main Rd, Sector 3, Kopar Khairane",19.10695981,73.00272339,
323,Palm Beach Rd,19.01433497,73.00843877,
324,Lake Side Rd,19.12515787,72.91098641,
325,Cotton Ave,18.99268859,72.84906977,
326,B,19.14642081,72.82097183,
327,"Plot No. 13, Mata Amritanandamayi Marg, Sector 22, Nerul",19.03203695,73.01680365,
328,Green Park Road,19.14835757,73.03886883,
329,Bhiwandi - Wada Rd,19.2352136,73.01413436,
330,Raj Kutir,19.07326764,72.8623836,
331,"0, Nandivili Road, Omsai Chawl, Bhopar Goan",19.19959594,73.07180592,
332,Pipe Line Rd,19.14826603,72.91925803,
333,"WING-B, Gaondevi Mandir Rd, Indralok Phase 4, Ranuja Ramdev Park, Bhayandar East",19.30803195,72.8692235,
334,"0, Royal Palms Rd, Royal Palms Estate, Aarey Colony, Goregaon East",19.14932795,72.89538633,
335,Shivshahi Prakalp Tower Si,19.16783716,72.88046542,
336,Manori - Gorai Rd,19.21242763,72.78021751,
337,Agasan Gaon Rd,19.17861957,73.06220567,
338,"D-WING, Shailendra Vidyalay Marg, Shiv Shakti Complex, Borivali East",19.24550862,72.8623487,
339,Bhopar Dongri Rd,19.19134815,73.08110442,
340,"100/A, Rd Number 2, Hanuman Nagar, Kannamwar Nagar I, Vikhroli East",19.11687626,72.94374009,
341,"C-311, Pimpripada Rd, Pimpripada, Malad East",19.17867604,72.87234589,
342,"Wing-B, Rajendra Kamble Rd, Siddharath Nagar, Vakola, Santacruz East",19.07619741,72.85390841,
343,"500-B, Bhandup Village Rd, Subhash Nagar, Bhandup West",19.15267167,72.93921879,
344,Bhagya Shakha Bungalow,19.24451451,72.98368085,
345,Maharastra Rd,19.05334051,72.84057151,
346,Ghodbunder Rd,19.27554496,72.91611461,
347,"F-9, Bipex Rd, Simplex, Sector 5, Jijamata Nagar, Sector 7, Ghansoli",19.11696425,72.99625635,
348,"300, 7, Mumbai - Pune Expy, Sector 4B, Asudgaon, Khanda Colony, Panvel",19.01854394,73.10896008,
349,Jari Mari Mandir Rd,19.26516645,72.89445635,
350,"200, Khot Kuwa Rd, Malkani Estate, Kasam Baug, Malad East",19.18524032,72.85771546,
351,Airside Rd,19.09307441,72.85655634,
352,"Shop No.11/12, Shivaji Rd, Old Panvel, Panvel",18.99111548,73.11514383,
353,Ghodbunder Rd,19.28635157,72.9076724,
354,"0, Western Express Hwy, Mashachapada, Mira Road East",19.27783432,72.88982331,
355,Sharda Prem CHS,19.17786563,72.9733075,
356,B3,19.22338058,72.9628415,
357,"0, Mahakali Caves Rd, Chakala, Andheri East",19.11556493,72.86083749,
358,"Wing-C, New Link Cross Rd, Anand Park, Dahisar West",19.26114561,72.8492783,
359,kalubai apts no 1 matoshri nager,19.18058706,73.05196948,
360,Shree Swami Samarth Marg,19.18001097,72.981827,
361,Mumbai - Agra National Hwy,19.23135418,73.03164858,
362,Jeevanprabha Soc.,19.23276792,72.84896646,
363,"H-7, Kusumargraj Marg, Tulsi Dham, Samata Nagar, Thane West",19.20493569,72.96407611,
364,Sant Namdev Rd,19.21251142,73.09776364,
365,Madh - Marve Rd,19.19239435,72.79161458,
366,Narayan Dairy Road,19.16782308,73.00664196,
367,Ixora,19.22745782,72.97265027,
368,Sion - Panvel Expy,19.05298767,72.94181121,
369,Sai Sparsh CHS,19.02678223,73.02302392,
370,Lokmanya Tilak Terminus Flyover,19.06934891,72.8927565,
371,Jari Mari Rd,19.15480049,72.96688285,
372,Panchsheel Co-operative Housing Society,19.24790103,73.14481432,
373,"C5, Mukund Company Rd, Bhola Nagar, Kalwa",19.1905255,73.0018029,
374,"0, Ghodbunder Rd, Patlipada, Thane West",19.24494503,72.97055989,
375,Shital Society,19.17761281,72.87891107,
376,Regency Estate,19.2012378,73.1114801,
377,"Om Sai Apartment, Near Shree Krishna Temple, PO-Katemanivali, Chinchpada Rd, Chinchpada Gaon",19.21643401,73.14226072,
378,Hemant,19.04095144,72.9318188,
379,"300, Rd No 9A, Chembur East",19.05530634,72.89826785,
380,"E10/21, Parasnath Complex Rd, Valpada, Dapode",19.25761758,73.04676205,
381,Railway Sports Ground Ln,18.99032589,72.82625969,
382,"200, Barrister Rajni Patel Marg, Nariman Point",18.92790968,72.82177573,
383,Mumbra Bypass Rd,19.20961868,73.0183847,
384,0-A,19.23951101,72.86655805,
385,Unnamed Road,19.27102617,72.90737589,
386,Sonarpada Naka to Star Colony MIDC Rd,19.19889523,73.09696479,
387,Bandra - Worli Sea Link,19.04147541,72.82821949,
388,Unnamed Road,19.25094931,72.95391972,
389,PM Kulkarni Rd,19.22501591,72.8405544,
390,Amcha Ghar School Road,19.27710989,72.79451081,
391,Sion - Panvel Expy,19.05781105,72.95679298,
392,"1C, Jagatguru Aadi Shankracharya Marg, Dr D Y Patil Vidyanagar, Sector 5, Nerul",19.04148463,73.02374235,
393,"300-23, SB Patil Rd, Santa Cruz, Potohar Nagar, Santacruz West",19.08155261,72.8300977,
394,"WING-B, Lal Bahadur Shastri Rd, Ambedkar Nagar, Kanjurmarg West, Bhandup West",19.12939084,72.92761101,
395,"MHADA Colony 19, Powai",19.12161057,72.90640441,
396,National Park - Kanheri Caves Rd,19.22037338,72.87995479,
397,E13,19.10481671,72.92037774,
398,0 To 24,19.11537938,72.83842132,
399,Gavdevi Mandir Rd,19.19085414,73.10240557,
400,Pranavanandji Marg,19.06156177,72.99552633,
401,"Janta Market Rd, APMC Fruits and Vegetable Market, Sector 19, Turbhe",19.07605367,73.01440954,
402,"0, Sion - Panvel Expy, Sector 30A, Vashi",19.0682942,73.00891935,
403,"22A Shah, Off Veera Desai Rd, Industrial Area, Andheri West",19.13399766,72.83397494,
404,Creek Rd,19.15712852,72.82358275,
405,Usha Sadan Building,18.91117556,72.82070223,
406,"0, Air India Rd, Kolivery Village, Vidya Nagari, Indian Airlines Staff Colony 2, Santacruz East",19.08196411,72.870448,
407,"0, Sahyadri Nagar",19.21150056,72.82850688,
408,Mahankali Rd,19.19486474,72.825128,
409,"0, Roadpali",19.04105903,73.09841538,
410,"WING-A, Bal Rajeshwar Marg, Govardhan Nagar, Mulund West",19.19038053,72.94451347,
411,Unnamed Road,19.19249658,72.88375594,
412,"0, Pipe Line Rd, Students' Residential Zone, IIT Area, Powai",19.13902455,72.91138234,
413,Raintree Marg,19.06649986,73.06485593,
414,"E-101, IRB Rd, MHADA Colony 20, Powai",19.11476801,72.90097173,
415,"R-340, Rd No 7, MIDC Industrial Area, Rabale",19.14102528,73.00776237,
416,Diva Shil Rd,19.16726815,73.0482633,
417,"0, DP Rd, Swapna Nagari, Nirmal Nagar, Mulund West",19.18699351,72.9357567,
418,0 Feet Road,19.22920883,73.10416458,
419,"0, Narlepada",19.23758431,72.95006635,
420,Infinity IT Park Road,19.17351871,72.88930811,
421,Sewri - Chembur Rd,19.03076586,72.87945391,
422,"0, Gupha Rd, Janata Colony, Jogeshwari East",19.13849998,72.85551039,
423,Kumkum Park Rd,19.13410729,72.99994351,
424,"0-70, New Link Rd, Highland Park, Andheri West",19.142296,72.83113519,
425,"100, Sector 12",19.08921326,73.00241993,
426,SANT,19.01978186,72.91131138,
427,Electrosoft Rd,19.24212303,73.01223202,
428,Central Rd N,19.15701891,73.00497217,
429,Adonia,19.11307271,72.91163886,
430,Saket Rd,19.21975193,72.99036994,
431,"0, Koliwada",19.27822878,72.96757666,
432,"0, Laxman Mhatre Rd, I C Colony, Marian Colony, Borivali West",19.25101324,72.84886847,
433,Bhagirathi Bhavan,18.95827777,72.80597072,
434,"0/506, Western Express Hwy, Aarey Colony, Goregaon East",19.15466343,72.8574596,
435,Unnamed Road,19.27356224,72.80446247,
436,"0, Anand Nagar",19.26795299,72.96369929,
437,Gurudwara Road,19.22652428,73.16819487,
438,Rambaug Lane Number 5,19.24111747,73.13822776,
439,"Plot No.15, Kalamboli Link Rd, Roadpali, Kalamboli, Panvel",19.03462586,73.08865904,
440,Bhima Mangal Chawl,19.15171041,72.94616597,
441,"100, Uran Rd, Sector 32, Seawoods",19.00211663,73.0334501,
442,"0, Mysore Colony Road, Mysore Colony, Chembur East",19.0318627,72.89043301,
443,4C,19.12523593,73.00695174,
444,"900/2, Uran Rd, Mominpada, Old Panvel, Panvel",18.98424024,73.10952367,
445,Bandra - Worli Sea Link,19.03197196,72.8157344,
446,PLATINUM PRIDE,18.9764734,73.10190321,
447,"700-754, Dr Ghanti Rd, Central Railway Colony, Parsee Colony, Dadar",19.015803,72.85030633,
448,1B-66,19.141437,72.86807943,
449,"0, Katemanivali Rd, Bhagwan Colony, Kolsewadi, Kalyan East",19.22924364,73.14227214,
450,Sion - Panvel Expy,19.06253798,72.9763659,
451,Western Express Hwy,19.28436702,72.90174646,
452,"0, Mugalsan Rd, Sector-19, Airoli",19.16041491,72.98846194,
453,Chhatrapati Shivaji International Airport Area,19.0960831,72.8733671,
454,Andheri Road,19.20737776,73.07835782,
455,"0, Maker Arcade, Chamundeshwari Nagar, Cuffe Parade",18.91692019,72.81357715,
456,Bablram Palevar Chawl,19.11288838,72.85043881,
457,Kanishka Co-op Hsg. Soc.,19.21278818,73.08385988,
458,Dapuda Rd,19.26190072,73.03980849,
459,Modispaces New Life,19.19553981,72.83484877,
460,Mansarovar Station Rd,19.01588473,73.07869118,
461,"6900, Rd Number 34, Hanuman Nagar, Wagle Industrial Estate, Thane West",19.20117166,72.94749844,
462,MH SH 76,19.13057484,73.05441618,
463,Darshani Society,19.19554246,72.96417898,
464,Kala Talaw Road,19.24963265,73.13176074,
465,Pipe Line Rd,19.22435782,72.99772317,
466,Mumbra Bypass Rd,19.18879441,73.01443923,
467,Old Link Rd,19.20372992,72.82510111,
468,Shree Enterprises Road,19.25693052,73.01072265,
469,"0, Frere Rd, Indira Docks, Mumbai Port Trust, Mazgaon",18.93998489,72.84212835,
470,7A-B,19.15131531,72.84334728,
471,"100, Carter Rd, Bandra West",19.05998716,72.8202088,
472,Roopchand Apartments,19.21629713,72.97977875,
473,Sabe Rd,19.18255597,73.04176625,
474,Sarojini Naidu Marg,19.20028598,72.84286906,
475,Rustomjee Acura,19.20911968,72.98676051,
476,Kolegaon-Dombivali Rd,19.16128109,73.08764783,
477,0-106,19.22671788,72.94945052,
478,vipul waykar b401,19.23980151,73.08487851,
479,Dev Darshan Apartment,19.14512722,72.93770385,
480,Unnamed Road,19.16108116,72.89645673,
481,Unnamed Road,19.02372691,73.06284918,
482,JNPT Rd,18.9684176,73.13044756,
483,MH SH 76,19.13805193,73.04892666,
484,Mohane Rd,19.24483666,73.15614903,
485,"300, Central Rd N, Sector 8, MIDC Industrial Area, Ghansoli",19.12946529,73.01586508,
486,"D-5, Vikhroli Park Site Rd Number 1, Ganga Society, Vikhroli Park Site, Varsha Nagar, Vikhroli West",19.10341904,72.91451525,
487,"WING-P, Uttan Rd, Rai Village",19.2999913,72.83208468,
488,"Taloja Phase 1 Rd, Sector 11, Petali, Taloja",19.07258223,73.09136714,
489,Ajitnath,19.19367434,72.84745078,
490,Ganesh Mandir Road,19.08439873,73.06804354,
491,"100, SV Rd, Khan Estate, Jogeshwari West",19.13893364,72.84567681,
492,M1,19.03847325,73.05662943,
493,0-63,19.2705371,72.88443703,
494,Ghodbunder Rd,19.28041884,72.92496377,
495,MH SH 76,19.00713958,73.10755589,
496,Bunder Rd,19.27023616,72.98324027,
497,Palm Beach Rd,19.03224538,73.00396867,
498,"0-502, MG Road, Mulund West",19.17248947,72.95611076,
499,E-202,19.06349341,72.91275373,
500,Thane - Belapur Rd,19.06604247,73.0210771,
501,"Parishram Building, Pandurang Wadi,Ramchandra Nagar, SBI Colony, Dombivli East",19.20603365,73.09117428,
502,"Plot No. 49, Sector 20, Kamothe, Panvel",19.01380582,73.09846144,
503,Unnamed Road,19.26340813,72.78071695,
504,Madh - Marve Rd,19.20050824,72.79870043,
505,"J-57, Railway Station Rd, Poonam Sagar Complex, Mira Road East",19.27219469,72.8593748,
506,Mumbai - Agra National Hwy,19.14292033,72.95069545,
507,MDP Rd,19.17086725,72.83491955,
508,"0, Kevni Pada",19.12846602,72.84488212,
509,Annexe Building,19.09722491,72.84523769,
510,Bhiwandi - Wada Rd,19.23594153,73.0037003,
511,Mehra Bhavan,19.07460846,72.83312558,
512,"0, Anjur",19.21491346,73.03720568,
513,"200, Swami Vivekananda Rd, Mahim West, Mahim",19.04345678,72.83902118,
514,Highland Park,19.22233186,72.97904851,
515,Ambedkar Chawk Road,19.21310136,72.95216991,
516,"0, Marol MIDC Industry Estate",19.12157832,72.87234362,
517,"0, Anand Nagar Rd, MHADA Colony, Mulund East",19.16859382,72.97283106,
518,RSC Rd Number 1,19.21512802,72.81068193,
519,"0, Ganpat Rao Kadam Marg, Upper Worli, Worli",18.99711933,72.82048822,
520,"0, Garodiya Nagar Rd, Garodia Nagar, Ghatkopar East",19.07682516,72.91290034,
521,Mulund - Airoli Rd,19.14964321,72.98822876,
522,Kharghar Hills,19.02510613,73.05249091,
523,MH SH 76,19.08425453,73.08498189,
524,Dana Pani Rd,19.16788807,72.78711783,
525,Unnamed Road,19.2540773,73.10543549,
526,Ram Mandir Ln,19.0126258,72.86577313,
527,0/11 Ganesh bhanae chowl amardeep colony,19.21207438,73.12828324,
528,3rd Ave St,19.15063121,73.07494505,
529,"0, Beverly Park Rd, Periwinkle, Mira Bhayandar, Beverly Park, Mira Road East",19.29291511,72.87397117,
530,H2 Road,19.05456019,72.92328894,
531,Reliance Media Works,19.16271902,72.88598245,
532,Casa Rio Internal Road,19.1405938,73.08143463,
533,"0, Pandurang Budhkar Marg, Worli, Lower Parel",19.00591043,72.8260809,
534,MDP Rd,19.18501903,72.82657774,
535,Unnamed Road,19.1662193,72.80011796,
536,Jijamata Rd,19.12626537,72.86361517,
537,"0, Madh - Marve Rd, Dharvali, Aksa Gaon, Madh",19.17494786,72.8017272,
538,Unnamed Road,19.25451798,73.02678038,
539,Vardhman Estate,18.99126288,72.83901347,
540,Mashachapada Rd,19.27957236,72.89857899,
541,Mantralay Rd,19.01729101,72.88622012,
542,"B/15, Dargah Road, Shantiniketan Society, Tulshet Pada, Mulund West",19.16310238,72.9299045,
543,Killeshwar Mahadev Marg,19.13293885,72.79351647,
544,Turbhe Rohinjan Road,19.09406483,73.07768259,
545,"0, SK Bole Marg, Prabhadevi",19.01903238,72.83032994,
546,"0, Veera Desai Road, Veera Desai Industrial Estate, Andheri West",19.1413548,72.8379562,
547,"A-467, S Central Rd, MIDC Industrial Area, Mahape",19.12226956,73.03231146,
548,Vardhaman Palace,19.07152128,72.99919366,
549,Ovali Gaon Road,19.25941656,73.05569455,
550,"BIT NO-1, Yashvant Rao Chavan Marg, Agarwadi, Govandi East",19.04448586,72.92270241,
551,Kailash Heights,19.09443694,72.88584675,
552,"0, Sector 4E, Kalamboli, Panvel",19.02809479,73.10585983,
553,"Wing-A, Geeta Nagar Road, Phase 4, Phase 3, Geeta Nagar, Mira Road East",19.28948353,72.85863261,
554,"0, Paranjape B Scheme Rd Number 2, Navpada, Paranjape Nagar, Vile Parle",19.1045924,72.85219749,
555,Foot Over Bridge,19.27900382,72.85309365,
556,Mumbai - Agra National Hwy,19.25035128,73.05315031,
557,"0, MG Ramachandran Marg, Datta Nagar, Trombay",19.04135106,72.95367519,
558,New Kalyan Rd,19.21982124,73.10406523,
559,"0, Reynolds Road, Tejas Nagar Colony, Wadala West, Wadala",19.0105331,72.85541383,
560,"Opp., Eastern Express Hwy, Runwal Nagar, Thane West",19.21074561,72.97270921,
561,PN-13,19.23507743,72.87524333,
562,School Rd,19.21003578,72.79208781,
563,"0, Sector 27",19.0164813,73.02578905,
564,Anandnagar Vadavali Road,19.27069278,72.97157399,
565,way to Bis Milla Chawl,19.04471455,72.85918576,
566,Sakharam Appa Kadam Chawl,19.193497,72.8669235,
567,D-2,19.16509872,73.02092396,
568,Unnamed Road,18.92027229,72.8365125,
569,"Pestom Sagar Rd Number 6, Pestom Sagar Colony, Ghatkopar East",19.07124134,72.90497147,
570,"0, Neelam Nagar",19.17674838,72.96393591,
571,Unnamed Road,19.26609619,72.91967421,
572,A-1,19.2104808,73.01002141,
573,Janaki Avenue,19.29641702,72.85560163,
574,"0-B, Lal Bahadur Shastri Marg, Gandhi Nagar, Kirti Vihar, Ghatkopar West",19.08955403,72.90445558,
575,"0, Chendani Bunder Road, Mahagiri Koliwada, Jambli Naka, Thane West",19.19658239,72.984072,
576,Kendriya Sadan,19.02405711,73.03898195,
577,Sharda Apartments,18.93477731,72.82171334,
578,"B-11/2, Kher Wadi Rd, Government Colony, Bandra East",19.06852014,72.84994502,
579,Bhiwandi - Murbad Rd,19.25126488,73.09619032,
580,"300, Balkrishna Nakashe Marg, Janata Nagar, Tardeo",18.9724082,72.81288534,
581,"A-1, IC Colony Rd, I C Colony, Borivali West",19.24632159,72.8421587,
582,MH SH 76,19.05571304,73.09763574,
583,"0-3, Savitribai Phule Marg, Krishan mandir Area, Sector 19, Nerul",19.03528011,73.02477572,
584,"200, Station Road, Railway Staff Quarters, Naupada, Bandra East",19.06329348,72.84200183,
585,"WING-B, Bhagwanlal Indrajit Rd, Teen Batti, Malabar Hill",18.95430186,72.79164791,
586,2-Sep,19.09061985,72.92800378,
587,Narayanshet Patil Road,19.14951375,73.0634841,
588,Madhuri CHS,19.1961137,72.99223236,
589,Sassoon Dock Rd,18.89795539,72.82538344,
590,"0/A, Bhagwanlal Indrajit Rd, Teen Batti, Malabar Hill",18.94669973,72.79210326,
591,Keshavrao Khadye Marg,18.980127,72.82336204,
592,Unnamed Road,19.29372942,72.94415136,
593,Kalyan - Shilphata Rd,19.15255201,73.05656172,
594,Mansarovar Complex,19.27797833,72.87916374,
595,Shri Babasai Bazar Rd,19.21586977,73.15868651,
596,"Gr. Flr, Tikuji Ni Wadi Rd, Hill Garden, Kokanipada, Thane West",19.23640756,72.96725441,
597,Vastu Vihar Rd,19.04369286,73.08170243,
598,"100, Collectors Colony Rd, कलेक्टर कॉलोनी, Chembur East",19.04435159,72.89194254,
599,Railway Bridge,19.01663493,72.84188548,
600,Sector 15 Sanpada Rd,19.05514629,73.00057401,
601,Nehru Rd,19.22232104,73.09364146,
602,B-14,19.12221074,72.91920929,
603,Ganesh Mandir Road,19.07830291,73.07363881,
604,"200, MIDC Industrial Area",19.08188284,73.02429911,
605,Lodha Casa Rio Gold Rd,19.16331706,73.07451998,
606,"100, Dargah Rd, Amrut Nagar, Sonaji Nagar, Mumbra",19.17438971,73.02093894,
607,"WING-B, Lal Bahadur Shastri Marg, GKW Colony, Bhandup West",19.13983086,72.93100072,
608,"0-104, Nargis Dutt Rd, Pali Hill",19.06423511,72.829504,
609,"0, 2 chaupati Roed",19.31914064,72.85066802,
610,"100, Swadeshi Mills Rd, Tadwadi, Chunabhatti, Sion",19.05096789,72.87434844,
611,M 5,19.04251944,72.86987155,
612,"0, Dr Baba Saheb Ambedkar Rd, Dhaku Prabhuchi Wadi, Byculla East, Mazgaon",18.98311254,72.83627956,
613,Pimpalner Road,19.25728621,73.06615464,
614,"0, Kulupwadi Ln, Kulupwadi, Borivali East",19.22952216,72.86556279,
615,Khandeshwar Rd,19.00663612,73.08974534,
616,Badlapur - Katai Road,19.16858487,73.094225,
617,Kalyan - Shilphata Rd,19.18341606,73.09192084,
618,HCC Building,19.11965833,72.92620965,
619,Zakeria Rd,19.18198762,72.83568152,
620,Tarodi Rd,19.29722491,72.8014843,
621,Everest World,19.23179856,72.98252245,
622,Wing-C,19.23665061,72.82637459,
623,Pushp Sindhu - Saroj Road,19.01049645,73.12581732,
624,"0, Dargah Rd, Haji Ali, Breach Candy, Cumballa Hill",18.98090116,72.807446,
625,"0, Khan Abdul Gaffar Khan Road, Police Camp, Worli Sea Face, Worli",19.00479748,72.81052263,
626,Ram Building,19.19100891,72.97350616,
627,Unnamed Road,19.28799186,72.79250751,
628,"A, Thakur Village Rd, Pandey Compound, Thakur Village, Kandivali East",19.21353242,72.87874722,
629,"0, Station Road, Sen Nagar, Santacruz East",19.08125645,72.84175389,
630,Rajiv Gandhi Jogers Park,19.08210342,72.99195506,
631,Marine Lines Flyover,18.94279844,72.82220637,
632,Malet Bandar Rd,18.9546703,72.85174453,
633,"T-39, Lokhandwala Complex Rd, SV Patel Nagar, Andheri West",19.13623168,72.82542631,
634,"0, Bandar Kurla Complex Rd, Kala Nagar, Bandra East",19.05612768,72.85146074,
635,"0, Station Road, Wing F, Sector 8, Kharghar",19.02963755,73.06843141,
636,"0, SG Barve Marg, Sindhi Society, Chembur East",19.05261001,72.88904242,
637,Vishwakarma Jeevandip Bungalow 2,19.12254444,72.88632372,
638,"C/209, Raheja Vihar Circular Rd, Hillside Cooperative Society, Raheja Vihar, Chandivali, Powai",19.12044922,72.89536599,
639,"Belle View, PLOT NO. 8/10, sector -12, 2, Panvel Matheran Rd, Sector 12, New Panvel East, Panvel",18.99820584,73.1267604,
640,Unnamed Road,19.28603629,72.84191702,
641,"D-54, Swaminarayan Rd, Sector 5, Shanti Nagar, Mira Road East",19.28234714,72.86342772,
642,Unnamed Road,19.21898417,73.04720064,
643,"0-4, Guru Gobind Singh Rd, Veena Nagar, Mulund West",19.17747873,72.94083014,
644,"Building Number 3, Gaurav Enclave Rd, Chandan Shanti, Mira Road East",19.28538826,72.8755545,
645,EL-99,19.10602429,73.02913867,
646,"WING-A, Shiv Sena Galli, Janata Nagar, Bhayandar West",19.30923063,72.84783992,
647,Suyash Building,19.00914121,72.83525891,
648,Bellpepper St,19.25692731,72.97944558,
649,Plot No. 48,19.04030142,73.06848873,
650,"D-15, Madh - Marve Rd, Bhati Gaon, Madh",19.1525775,72.78690276,
651,Mankoli - Anjurphata Rd,19.25133004,73.03841571,
652,David Joshua,19.0214964,73.08815021,
653,"0, Sector 2",19.16281684,72.9985478,
654,Dahisar Gaon Rd,19.11377935,73.06541214,
655,Mumbai - Agra National Hwy,19.24309067,73.04813836,
656,Unnamed Road,19.26043597,72.95756391,
657,BARC Rd,19.00327908,72.90519694,
658,Pimplas Rd,19.2538658,73.07409921,
659,"100, Cardinal Gracias Rd, AAI Colony, J B Nagar, Andheri East",19.10439385,72.86220498,
660,"0, Akurli Road, Anita Nagar, Lokhandwala Twp, Kandivali East",19.19756567,72.8790049,
661,Dana Pani Rd,19.17453376,72.79105186,
662,Dahisar Check Naka,19.26038123,72.87458364,
663,"0, Ghodbunder Rd, Owale, Thane West",19.27731146,72.95808319,
664,Ram Bhuvan Chawl,19.14719077,72.9292733,
665,Lala Lajpatrai Marg,18.98818343,72.81133463,
666,"2000, Uttan Rd, Shivaneri Nagar, Uttan",19.29540312,72.81873463,
667,Janjira Chambers,18.92508986,72.83298892,
668,"0, Bhulabhai Desai Marg, Breach Candy, Cumballa Hill",18.97131946,72.80034699,
669,Dayabhai Chawl,19.1858374,72.84477924,
670,Neelkanth Smruti,19.09787286,72.90926977,
671,"400, MIDC Industrial Area",19.12102042,73.02080978,
672,Godrej and Boyce Factory Rd,19.0947385,72.91903131,
673,Patil Pada Road,19.17269406,73.06663081,
674,BJ Road,19.04580826,72.81477627,
675,Chandrama CHS,19.22468304,73.07758814,
676,"0, Kondivita Rd, Bhim Nagar, Andheri East",19.11313507,72.870484,
677,"A-10, Mithaghar Rd, Tridal Society, Patil Nagar, LIC Housing Colony, Mulund East",19.16372055,72.95467525,
678,0/1,19.11843439,73.05429641,
679,"0/16/91, RCF Colony Rd, Gulab Park Colony, RCF Colony, Chembur East",19.04258121,72.90851765,
680,"P-2, SV Rd, Rani Sati Nagar, Sunder Nagar, Malad West",19.17663301,72.84586252,
681,Vijay Marg,19.0033772,73.11574727,
682,"0/A, Rafi Ahmed Kidwai Rd, Kasturba Gandhi Nagar, Wadla Village, Wadala",19.02115099,72.86061712,
683,Eastern Fwy,19.0180584,72.87347614,
684,"0, Godrej Creekside Colony",19.10516426,72.93674023,
685,Niwara Society,19.2052969,73.10220015,
686,VN Purva Rd,19.04104089,72.94289544,
687,Patil Gally,19.14206772,72.78764001,
688,Chelsea,19.25193809,72.98465436,
689,General Arunkumar Vaidya Marg,19.05245518,72.83052532,
690,"A/2,406, Moulana Azad Rd, Daulat Nagar, Kausa, Mumbra",19.16866051,73.03419522,
691,"0, Airoli Knowledge Park Road, MSEB Staff Colony, TTC Industrial Area, Airoli",19.17190796,72.98662462,
692,Unnamed Road,19.28816686,72.95932342,
693,Unnamed Road,18.91354834,72.83931251,
694,MDP Rd,19.1757122,72.82729215,
695,Mumbai - Agra National Hwy,19.24043641,73.03859419,
